{
  "pool": {
    "tokenA": 25535.012141816416,
    "tokenB": 24738.863708862882,
    "K": 631707185.1805552
  },
  "userBalance": {
    "tokenA": 49.987858183584194,
    "tokenB": 846.1362911371173
  }
}